[
    {
        "title": "ME",
        "msg": {
            "from": 17352,
            "content": [
                {
                    "msg": "MESSAGE"
                }
            ]
        },
        "time": 1535455756.9636972
    },
    {
        "title": "ME",
        "msg": {
            "from": 18064,
            "content": [
                {
                    "msg": "MESSAGE"
                },
                {
                    "msg": "MESSAGE"
                },
                {
                    "msg": "MESSAGE"
                }
            ]
        },
        "time": 1535455756.9636972
    },
    {
        "title": "ME",
        "msg": {
            "from": 17551,
            "content": [
                {
                    "msg": "MESSAGE"
                },
                {
                    "msg": "MESSAGE"
                },
                {
                    "msg": "MESSAGE"
                },
                {
                    "msg": "MESSAGE"
                }
            ]
        },
        "time": 1535455756.9636972
    }
]